{"cameraMode":{"drawMode":0,"name":"Shaded","section":"Shading Mode"},"sceneLighting":false,"audioPlay":false,"sceneViewState":{"m_AlwaysRefresh":false,"showFog":true,"showSkybox":false,"showFlares":true,"showImageEffects":true,"showParticleSystems":true,"showVisualEffectGraphs":true,"m_FxEnabled":true},"in2DMode":false,"pivot":{"x":-0.3039999008178711,"y":1.1499998569488526,"z":-0.053999900817871097},"rotation":{"x":-0.20350319147109986,"y":0.7720884084701538,"z":-0.3015178442001343,"w":-0.5211036205291748},"size":12.12435531616211,"orthographic":false}