{"cameraMode":{"drawMode":0,"name":"Shaded","section":"Shading Mode"},"sceneLighting":false,"audioPlay":false,"sceneViewState":{"m_AlwaysRefresh":false,"showFog":true,"showSkybox":false,"showFlares":true,"showImageEffects":true,"showParticleSystems":true,"showVisualEffectGraphs":true,"m_FxEnabled":true},"in2DMode":false,"pivot":{"x":-0.25386151671409609,"y":1.3544167280197144,"z":-0.11713419109582901},"rotation":{"x":-0.11912141740322113,"y":0.8807194232940674,"z":-0.31532344222068789,"w":-0.3327120244503021},"size":1.7325818538665772,"orthographic":false}