{"cameraMode":{"drawMode":0,"name":"Shaded","section":"Shading Mode"},"sceneLighting":false,"audioPlay":false,"sceneViewState":{"m_AlwaysRefresh":false,"showFog":true,"showSkybox":false,"showFlares":true,"showImageEffects":true,"showParticleSystems":true,"showVisualEffectGraphs":true,"m_FxEnabled":true},"in2DMode":false,"pivot":{"x":0.0000013709068298339844,"y":0.8338662385940552,"z":0.01759844273328781},"rotation":{"x":-0.07804690301418305,"y":0.8842775821685791,"z":-0.1598176509141922,"w":-0.43173810839653017},"size":1.3353251218795777,"orthographic":false}